Appliances,Disposers-Compactors,1020015
Appliances,Dishwashers,1020017
Appliances,Vacuums-Floor-Care,1020018
Appliances,Freezers-Ice-Makers,1020019
Appliances,Microwaves,1020021
Appliances,Refrigerators,1020022
Appliances,Small-Kitchen-Appliances,1020025
Appliances,Water-Heaters,1020026
Baby,Baby-Health-Safety,1020029
Baby,Baby-Gear,1020030
Baby,Diapering,1020031
Baby,Feeding,1020032
Baby,Baby-Toys,1020034
For-the-Home,Tableware,1020053
Jewelry,Bracelets,1020076
Jewelry,Jewelry-Boxes-Jewelry-Care,1020077
Jewelry,Earrings,1020079
Jewelry,Fashion-Jewelry,1020081
Jewelry,Gemstones,1020082
Clothing,Juniors,1020085
Clothing,Mens,1020086
Appliances,Accessories,1020089
Automotive,Tires,1020100
Automotive,Custom-Wheels,1020102
Toys-Games,Action-Figures-Accessories,1020107
Toys-Games,Arts-Crafts,1020109
Toys-Games,Blocks-Building-Sets,1020111
Toys-Games,Dolls-Accessories,1020112
Toys-Games,Games,1020115
Toys-Games,Learning-Toys-Systems,1020116
Toys-Games,Musical-Instruments-Toys,1020117
Toys-Games,Outdoor-Play,1020118
Toys-Games,Pools-Accessories,1020119
Toys-Games,Pretend-Play-Dress-Up,1020120
Toys-Games,Puzzles,1020121
Toys-Games,Ride-On-Toys-Safety,1020122
Toys-Games,Shop-by-Age,1020124
Toys-Games,Trains,1020126
Toys-Games,Vehicles-Remote-Control-Toys,1020127
Tools,Power-Tool-Accessories,1020131
Tools,Bench-Stationary-Power-Tools,1020132
Tools,Air-Compressors-Air-Tools,1020134
Tools,Hand-Tools,1020136
Tools,Mechanics-Auto-Tools,1020137
Tools,Home-Security-Safety,1020139
Tools,Tool-Sets,1020140
Tools,Workwear-Work-Boots,1020141
Tools,Welding-Equipment,1020143
Tools,Painting-Supplies,1020144
Fitness-Sports,Fan-Memorabilia,1020146
Fitness-Sports,Game-Room,1020147
Fitness-Sports,Scooters,1020148
Fitness-Sports,More-Sports,1020155
Lawn-Garden,Live-House-Plants,1020159
Clothing,Womens,1020164
Clothing,Girls-Plus,1020165
Clothing,Womens-Plus,1020166
Clothing,Petite,1020167
Clothing,Intimates,1020168
Clothing,Girls,1020170
Clothing,Communion-Baptism,1020172
Clothing,School-Uniforms,1020175
For-the-Home,Lamps-Lighting,1020184
Jewelry,Gold-Jewelry,1020189
Jewelry,Mens-Jewelry,1020190
Jewelry,Pendants-Necklaces,1020192
Jewelry,Sterling-Silver,1020194
Lawn-Garden,Lawn-Mowers,1020198
Lawn-Garden,ATV-Attachments,1020200
Lawn-Garden,Pressure-Washers,1020205
Lawn-Garden,Tractor-Attachments,1020206
Lawn-Garden,Riding-Mowers-Tractors,1020207
Lawn-Garden,Snow-Removal-Equipment,1020208
Lawn-Garden,Sheds-Outdoor-Storage,1020209
Jewelry,Rings,1020211
For-the-Home,Luggage-Suitcases,1020214
For-the-Home,Window-Coverings-Hardware,1020218
Clothing,Mens-Big-Tall,1020245
Fitness-Sports,Camping-Hiking,1020249
Appliances,Commercial-Appliances,1020250
Jewelry,Jewelry-by-Color,1020251
Fitness-Sports,Treadmills,1020252
Fitness-Sports,Ellipticals,1020254
Fitness-Sports,Strength-Weight-Training,1020255
Fitness-Sports,Yoga-Pilates,1020257
Fitness-Sports,Hot-Tubs-Saunas,1020259
Clothing,Team-Apparel,1020265
Clothing,Young-Mens,1022196
Tools,Garage-Organization-Shelving,1022330
Gifts,Wishbook,1022469
Gifts,Gift-Finder,1022483
Gifts,Giftable-Items,1022489
Jewelry,Childrens-Jewelry,1022639
Fitness-Sports,Golf,1022656
Fitness-Sports,Football,1022657
Fitness-Sports,Basketball,1022659
Fitness-Sports,Baseball-Softball-T-Ball,1022660
Gifts,Gift-Cards,1022662
Clothing,Juniors-Plus,1022735
Shipping,Shipping,1023003
Clothing,Handbags-Accessories,1023051
Jewelry,Watches,1023062
Clothing,Gift-Ideas,1023064
Jewelry,Gift-Ideas,1023065
Jewelry,Wedding-Anniversary,1023115
Gifts,Jewelry,1023222
Lawn-Garden,Generators,1023265
Beauty,Skin-Care,1023306
Beauty,Hair-Care,1023307
Beauty,Fragrance,1023309
Beauty,Bath-Body,1023310
Clothing,Maternity,1023398
Jewelry,Diamonds,1023478
Jewelry,Stone-Type,1023497
Jewelry,Birthstones,1023498
Appliances,Air-Purifiers-Dehumidifiers,1023526
Appliances,As-Seen-on-TV,1023586
Appliances,Sewing-Garment-Care,1023587
Automotive,Outdoor-Shelter,1023619
Clothing,Boys,1023644
Appliances,Water-Coolers-Filter-Systems,1023684
Clothing,Boys-Husky,1023686
Clothing,Boys-Slim,1023687
Appliances,Wine-Cellars-Beverage-Centers,1023719
Appliances,Water-Softeners,1023720
Home-Services,Windows-Doors,1023817
Home-Services,Appliances,1023818
Home-Services,Home-Electronics,1023819
Home-Services,Remodeling,1023820
Home-Services,Assembly,1023821
Home-Services,Lawn-Garden-Equipment,1023822
Home-Services,Repair-Maintenance,1023823
Home-Services,Home-Interior,1023824
Home-Services,Installation,1023825
Home-Services,Home-Exterior,1023826
Home-Services,Garage,1023827
Home-Services,Heating-Cooling-Systems,1023828
Home-Services,Cleaning,1023829
Automotive,Services,1023947
Lawn-Garden,Watering-Hoses-Sprinklers,1024014
Lawn-Garden,Chipper-Shredders-Log-Splitters,1024015
Lawn-Garden,Tillers-Cultivators-Augers,1024016
Lawn-Garden,Outdoor-Tools-Supplies,1024017
Outdoor-Living,Patio-Furniture,1024038
Outdoor-Living,Weather-Instruments,1024039
Outdoor-Living,Mailboxes-Accessories,1024040
Outdoor-Living,Firepits-Patio-Heaters,1024041
Outdoor-Living,Flags-Accessories,1024043
Outdoor-Living,Gazebos-Canopies-Pergolas,1024044
Outdoor-Living,Grills-Outdoor-Cooking,1024045
Outdoor-Living,Pest-Control,1024046
Outdoor-Living,Awnings-Shutters,1024048
Outdoor-Living,Outdoor-Lighting,1024049
Outdoor-Living,Outdoor-Decor,1024050
Tools,Garage-Door-Openers,1024121
For-the-Home,Backpacks-Messenger-Bags,1024172
For-the-Home,Home-Decor-Accents,1024264
For-the-Home,Rugs,1024265
For-the-Home,Decorative-Storage,1024266
For-the-Home,Pillows-Throws-Slipcovers,1024267
For-the-Home,Wall-Decor,1024271
For-the-Home,Cutlery,1024439
For-the-Home,Kitchen-Storage,1024440
For-the-Home,Bakeware,1024443
For-the-Home,Serveware,1024444
For-the-Home,Kitchen-Linens,1024445
For-the-Home,Cookware,1024446
Health-Wellness,Incontinence,1024540
Health-Wellness,Wheelchairs-Scooters-Accessories,1024541
Health-Wellness,Lift-Chairs-Lifts,1024542
Health-Wellness,Diet-Nutrition,1024543
Health-Wellness,Oral-Care,1024544
Health-Wellness,Daily-Living-Aids,1024545
Health-Wellness,Bathroom-Safety,1024546
Health-Wellness,Posture-Support,1024547
Health-Wellness,Mastectomy,1024548
Health-Wellness,Bed-Accessories,1024549
Health-Wellness,Foot-Care,1024550
Health-Wellness,Air-Treatments,1024552
Health-Wellness,Health-Monitoring,1024553
Health-Wellness,Walkers-Canes-Crutches,1024554
Health-Wellness,First-Aid,1024555
Health-Wellness,Diabetic-Care,1024556
Beauty,Eyes,1024619
Beauty,Face,1024620
Beauty,Beauty-Accessories,1024621
Beauty,Shaving-Hair-Removal,1024622
Beauty,Nails,1024623
Beauty,Lips,1024626
Beauty,Mens-Sun-Care,1024663
Beauty,Sun-Care,1024691
Health-Wellness,Spa,1024698
Beauty,Relaxation,1024699
Beauty,Massage,1024700
Health-Wellness,Massage,1024701
Beauty,Spa,1024794
Workwear-Uniforms,Womens-Workwear,1024802
Workwear-Uniforms,Mens-Workwear,1024803
Outdoor-Living,Online-Services,1024829
Fitness-Sports,Exercise-Cycles,1024840
Fitness-Sports,Boxing-Mixed-Martial-Arts,1024841
Fitness-Sports,Fitness-Accessories,1024842
Fitness-Sports,Inversion,1024843
Fitness-Sports,Racquet-Sports,1024844
Fitness-Sports,Incline-Trainers,1024845
Fitness-Sports,Rowers-Steppers,1024846
Fitness-Sports,Outdoor-Games,1024847
Fitness-Sports,Optics-Binoculars,1024901
Fitness-Sports,Paintball-Airsoft,1024902
Fitness-Sports,Hunting,1024903
Fitness-Sports,Fishing,1024904
Fitness-Sports,Ice-Hockey,1024905
Fitness-Sports,Bowling,1024990
For-the-Home,Knit-Crochet,1025000
Fitness-Sports,Skiing,1025006
Fitness-Sports,Scuba-Swimming,1025007
Fitness-Sports,Skateboarding,1025008
Fitness-Sports,Boating,1025009
Fitness-Sports,Soccer,1025019
Fitness-Sports,Apparel-Safety,1025020
Fitness-Sports,Bikes-Accessories,1025021
Fitness-Sports,Snowboarding,1025022
Fitness-Sports,Waterskiing-Boarding,1025023
Fitness-Sports,Ice-Skating,1025024
Fitness-Sports,Snow-Recreation,1025025
Fitness-Sports,In-line-Roller-Skating,1025026
Bed-Bath,Bath-Utility-Hardware,1025183
Tools,Tool-Storage,1025184
Bed-Bath,Decorative-Bedding,1025185
Bed-Bath,Bedding-Essentials,1025187
Bed-Bath,Kids-Bedding,1025188
Bed-Bath,Kids-Bath,1025190
Tools,Woodworking,1028715
Tools,Replacement-Blades,1028716
Health-Wellness,Eye-Ear-Care,1028969
Toys-Games,Stuffed-Animals-Plush,1029058
For-the-Home,Sewing-Quilting,1029084
Pet-Supplies,Cat-Supplies,1029163
Pet-Supplies,Dog-Food,1029164
Pet-Supplies,Dog-Supplies,1029165
Toys-Games,Shop-by-Gender,1029166
Pet-Supplies,Cat-Food,1029167
Pet-Supplies,Fish-Aquatic-Supplies,1029280
Pet-Supplies,Small-Animal-Supplies,1029281
Pet-Supplies,Bird-Supplies,1029282
Pet-Supplies,Reptile-Exotics-Supplies,1029283
Books-Magazines,Magazines,1029617
Tools,Kitchen,1029678
Tools,Bathroom,1029679
Tools,Roofing-Siding,1029712
Tools,Decks-Pavers,1029713
Tools,Flooring,1029714
Outdoor-Living,Decks-Pavers,1029754
Pet-Supplies,Horse-Riding,1029755
Pet-Supplies,Farm-Ranch-Equipment,1029756
Baby,Bedding,1029884
Baby,Decor,1029885
Baby,Furniture,1029886
Baby,Baby-Food-Nutrition,1029887
Books-Magazines,Books,1029888
Baby,Gifts,1029889
Health-Wellness,Womens-Health,1030011
Lawn-Garden,Nursery-Plants,1030012
Baby,Baby-Toddler-Clothing,1030217
Toys-Games,Tech-Toys,1030257
Beauty,Bulk-Beauty,1030284
Workwear-Uniforms,Youth-Workwear,1030285
For-the-Home,Painting,1030288
Food-Grocery,Laundry-Care,1030489
Food-Grocery,Cleaning-Supplies,1030490
Food-Grocery,Beverages,1030491
Food-Grocery,Food-Storage,1030492
Food-Grocery,Gift-Sets,1030493
Food-Grocery,General-Grocery,1030494
Food-Grocery,Gum-Candy,1030495
Food-Grocery,Dairy,1030733
Food-Grocery,Pest-Control,1030734
Food-Grocery,Air-Fresheners,1030736
Food-Grocery,Meat,1030737
Food-Grocery,Paper-Goods,1030738
Food-Grocery,Produce,1030741
Food-Grocery,Snacks,1030742
Food-Grocery,Bulk-Food-Grocery,1030745
Food-Grocery,Seafood,1030746
Food-Grocery,Tobacco,1030749
Food-Grocery,Frozen-Foods,1030750
Food-Grocery,Gourmet,1030751
Food-Grocery,World-Cuisines,1030754
Food-Grocery,Baking-Supplies,1030755
Food-Grocery,Floral-and-Plants,1030757
Food-Grocery,Dishwashing,1030759
Food-Grocery,Deli,1030760
Food-Grocery,Breakfast-Foods,1030762
Food-Grocery,Prepared-Foods,1030763
Food-Grocery,Natural-Organic,1030764
Food-Grocery,Bread-Bakery,1030765
Health-Wellness,Family-Planning,1031423
Clothing,Mens-Short,1031433
Health-Wellness,Travel-Sizes,1031499
Health-Wellness,Sun-Care,1035950
Health-Wellness,Smoking-Cessation,1035951
Health-Wellness,Vitamins-Supplements,1035953
For-the-Home,Party-Supplies,1035954
Health-Wellness,Bulk-Health-Wellness,1035955
Movies-Music-Gaming,Nintendo-Dsi,1036168
Movies-Music-Gaming,Software,1036169
Movies-Music-Gaming,Xbox-360,1036170
Movies-Music-Gaming,Classic-Games,1036171
Movies-Music-Gaming,PlayStation-3,1036172
Movies-Music-Gaming,Music,1036173
Movies-Music-Gaming,Nintendo-DS,1036174
Movies-Music-Gaming,Playstation-2,1036175
Movies-Music-Gaming,PSP,1036176
Movies-Music-Gaming,Wii,1036177
Movies-Music-Gaming,DVD-Movies,1036179
Gift-Registry,Special-Events,1036226
Gift-Registry,Wedding,1036227
Gift-Registry,Baby,1036262
PartsDirect-Parts,PD-Parts,1036503
Gifts,By-Recipient,1036508
Gifts,By-Personality,1036509
Books-Magazines,Book-Accessories,1036510
Lawn-Garden,Fencing,1036906
Gifts,By-Occasion,1036925
Sports-Fan-Shop,Team-Bedding-Bath,1036973
Sports-Fan-Shop,Home-Decor,1036974
Sports-Fan-Shop,Memorabilia,1036975
Sports-Fan-Shop,Team-Apparel,1036976
Sports-Fan-Shop,Tailgating-Outdoor,1036977
Health-Wellness,Funeral-Supplies,1037055
Health-Wellness,Medicine-Cabinet,1037068
Jewelry,Personalized-Family-Jewelry,1037149
Health-Wellness,Relaxation,1037151
Movies-Music-Gaming,Books-Magazines,1037153
Appliances,Steam,1037162
Movies-Music-Gaming,Nintendo-3DS,1038423
Gifts,Corporate-Gift-Cards,1039663
Fitness-Sports,Personal-Training,1039668
Automotive,Battery-Accessories,1100097
Seasonal,Christmas,1100100
Seasonal,Harvest,1100101
Automotive,Battery-Installation-Accessories,1100102
Seasonal,Halloween,1100109
Automotive,Batteries,1100199
Gifts,Toys-Games,1101111
Gifts,Sports-Fitness,1101116
Gifts,Electronics,1101117
Gifts,Clothing-Accessories,1101120
Gifts,Seasonal,1101121
Gifts,Kitchen-Home-Decor,1101134
Gifts,Tools,1101135
Gifts,Pets,1101156
Gifts,Jewelry-Watches,1101157
Gifts,Shoes,1101158
Health-Wellness,Shaving-Hair-Removal,1101200
Seasonal,Valentines-Day,1101252
Seasonal,Easter,1101260
Appliances,Specialty-Laundry,1101268
Appliances,Washers,1101269
Appliances,Dryers,1101270
Movies-Music-Gaming,PlayStation-Vita,1101292
Appliances,Washer-and-Dryer-Sets,1101301
Jewelry,Jewelry-Making,1101307
Tools,Wet-Dry-Vacs,1200004900
Appliances,Air-Conditioners,1202533079
Appliances,Fans,1202533080
Appliances,Thermostats-Accessories,1202533081
Appliances,Heating,1202533082
Appliances,Cooktops,1202533084
Appliances,Ranges,1202533085
Appliances,Wall-Ovens,1202533086
Trends,Bright-Bold-Colors,1202533520
Trends,Florals,1202533526
Automotive,Motorcycle-Parts,1203742433
Gifts,Fathers-Day-Gifts,1203864360
Trends,Wedding-Shop,1203864371
Tools,Lumber,1204473951
Trends,Stripes,1206548998
Automotive,Seats-Seat-Belts,1206792908
Automotive,Vehicle-Covers,1206792909
Automotive,Emergency-Travel-General-Items,1206792910
Automotive,Performance-Fuel-System,1206792911
Automotive,Headliner-Sun-Visors,1206792912
Automotive,Alarms-Locks-Security,1206792913
Automotive,Mud-Flaps,1206792914
Automotive,Performance-Brakes,1206792915
Automotive,RV-Camping-Accessories,1206792916
Automotive,Filters,1206792917
Automotive,Aftermarket-Replacement-Body-Parts,1206792918
Automotive,Engine-Electronics,1206792919
Automotive,Brakes,1206792920
Automotive,Lights,1206792921
Automotive,Air-Deflectors-Wings-Spoilers,1206792922
Automotive,Steering-Wheels-Covers,1206792923
Automotive,Books-Manuals-Software,1206793859
Automotive,Exhaust,1206793861
Automotive,Floor-Mats-Floor-Liners,1206793862
Automotive,Chassis-Shocks-Suspension,1206793864
Automotive,Performance-Ignition,1206793866
Automotive,Carpet-Insulation-Floor-Covering,1206793868
Automotive,Towing-Accessories,1206793870
Automotive,General-Interior,1206793872
Automotive,Tonneau-Covers,1206793874
Automotive,Gauges-Electrical,1206793877
Automotive,Replacement-Lights,1206793879
Automotive,Dash-Covers,1206793881
Automotive,Body-Styling,1206793883
Automotive,Engine,1206793885
Automotive,Driveline,1206793888
Automotive,Automotive-Collectibles,1206793891
Automotive,Windshield-Covers,1206793893
Automotive,Ignition,1206793896
Automotive,Safety-Equipment,1206793899
Automotive,Running-Boards-Steps-Side-Bars,1206793902
Automotive,Interior,1206793905
Automotive,Consoles-Organizers,1206793908
Automotive,Hitches,1206793911
Automotive,Truck-Bed-Accessories,1206793914
Automotive,Trim-Panels-Dash-Panels,1206793917
Automotive,Engine-Internal,1206793920
Automotive,Grilles-Grille-Guards,1206793923
Automotive,Electrical,1206793924
Automotive,Fuel-Emissions,1206793926
Automotive,Tire-Wheel-Accessories,1206793928
Automotive,Performance-Driveline-Transmissions,1206794712
Automotive,Rear-Cargo-Trunk-Mats-Liners,1206794715
Automotive,Seat-Covers,1206794718
Automotive,Car-Care-Detailing,1206794720
Automotive,Audio-Video-Electronics,1206794722
Automotive,Performance-Exhaust,1206794724
Automotive,Engine-External,1206794726
Automotive,Belts-Cooling-Heating,1206794728
Automotive,RV-Camper-Covers,1206794730
Automotive,Wiper-Blades,1206794732
Automotive,Truck-Boxes,1206794734
Automotive,Performance-Chassis-Suspension,1206794735
Automotive,Racks-Carriers,1206794737
Gifts,Gifts-for-Grads,1206920688
Lawn-Garden,Lawn-Mower-Parts-Accessories,1208802178
Clothing,Outfits-for-Her,1208959557
Movies-Music-Gaming,Blu-Ray-Movies,1209628540
Tools,Corded-Handheld-Power-Tools,1213346071
Tools,Cordless-Handheld-Power-Tools,1213346072
Clothing,Outfits-for-Kids,1213697625
Tools,Ratchets-Sockets,1214335059
Tools,Wrenches,1214335060
Trends,Graphic-Tees,1214493788
Trends,Streetwear,1214493789
Trends,Denim,1214493790
Trends,Rock-Rebel,1215937296
Trends,Varsity-Prep,1215937299
Trends,Animal-Magnetism,1215937300
Tools,Electricians-Tools,1219224682
Tools,Lighting,1219224683
Furniture-Mattresses,Bathroom-Furniture,1219225299
Furniture-Mattresses,Bedroom-Furniture,1219225300
Furniture-Mattresses,Dining-Room-Kitchen-Furniture,1219225301
Furniture-Mattresses,Game-Room-Bar-Furniture,1219225302
Furniture-Mattresses,Entryway-Hallway-Furniture,1219225303
Furniture-Mattresses,Home-Office-Furniture,1219225304
Furniture-Mattresses,Living-Room-Furniture,1219225305
Furniture-Mattresses,Home-Entertainment,1219225306
Furniture-Mattresses,Small-Space-Furniture,1219225307
Furniture-Mattresses,Mattresses,1219225308
Furniture-Mattresses,Kids-Room-Furniture,1219225309
Furniture-Mattresses,Accent-Furniture,1219737689
Tools,Home-Hardware-Vents,1221020474
Tools,Layout-Measuring-Tools,1221021408
Tools,Levels-Stud-Finders,1221021409
Tools,Pumps,1221021416
Tools,Plumbing-Tools,1221021417
Bed-Bath,Shower-Curtains-Accessories,1221277689
Bed-Bath,Bath-Towels-Rugs,1221277690
Bed-Bath,Bathroom-Storage,1221277691
Bed-Bath,Personal-Care,1221277692
Bed-Bath,Travel-Bath,1221277693
Bed-Bath,Mattress-Pads-Pillows,1221277694
Bed-Bath,Memory-Foam-Shop,1221277695
Bed-Bath,Seasonal-Bedding,1221277696
For-the-Home,Shop-Your-Perfect-Dorm-Room,1221538593
Baby,Baby-Car-Seats-Strollers,1221758596
Baby,Toddler-Furniture,1221758598
Clothing,Outfits-for-Juniors,1222053297
For-the-Home,Business-Commute,1223045614
For-the-Home,Travel-Gear,1223045616
For-the-Home,Food-Prep-Gadgets,1223045618
For-the-Home,Candles-Home-Fragrance,1223045619
For-the-Home,Barware,1223045620
For-the-Home,Table-Linens,1223045621
Clothing,Outfits-for-Young-Men,1223559645
For-the-Home,Kitchen-Utility-Hardware,1223818912
Baby,Baby-Bundles,1226889204
Fitness-Sports,Motocross,1228392839
TVs-Electronics,Televisions,1231470962
TVs-Electronics,TV-Accessories,1231470967
TVs-Electronics,TV-Video-Cables,1231470972
TVs-Electronics,Blu-ray-DVD-Players,1231470977
TVs-Electronics,Projectors-Screens,1231470982
TVs-Electronics,Phones,1231470987
TVs-Electronics,Phone-Accessories,1231470991
TVs-Electronics,Media-Furniture,1231470995
TVs-Electronics,Home-Security,1231470998
TVs-Electronics,Car-Electronics,1231471001
TVs-Electronics,Portable-Audio-Electronics,1231471004
TVs-Electronics,Portable-Audio-Electronics-Accessories,1231471007
TVs-Electronics,Home-Theater-Audio,1231471009
TVs-Electronics,Power-Chargers,1231471011
TVs-Electronics,Batteries,1231471013
Cameras-Camcorders,Digital-Cameras,1231471016
Cameras-Camcorders,Digital-Picture-Frames,1231471020
Cameras-Camcorders,Camcorders,1231471025
Cameras-Camcorders,Film-Film-Cameras,1231471030
Cameras-Camcorders,Security-Cameras,1231471035
Cameras-Camcorders,Camera-Camcorder-Accessories,1231471773
Cameras-Camcorders,Camera-Cables-Connectors,1231471778
Cameras-Camcorders,Camera-Memory-Storage,1231471783
Computers,Laptops,1231471788
Computers,Desktops,1231471792
Computers,Tablets-eReaders,1231471797
Computers,Tablet-eReader-Accessories,1231471802
Computers,Memory-Storage,1231471807
Computers,Computer-Cables,1231471811
Computers,Monitors,1231471814
Computers,Networking,1231471816
Computers,Printers-Scanners,1231471819
Computers,Printer-Accessories,1231471822
Computers,Computer-Accessories,1231471826
Computers,Computer-Hardware,1231471829
Office-Products,Office-Furniture-Storage,1231471833
Office-Products,Office-Electronics-Accessories,1231471837
Office-Products,Cleaning-Janitorial-Supplies,1231471841
Office-Products,Office-Supplies,1231471845
Office-Products,Material-Handling,1231471848
Office-Products,Break-Room-First-Aid-Supplies,1231471853
Office-Products,Office-Safety-Security,1231471857
Office-Products,Shipping-Mailroom-Supplies,1231471861
For-the-Home,Closet-Storage,1232256270
For-the-Home,Laundry-Utility-Storage,1232256273
For-the-Home,General-Crafts,1232256276
For-the-Home,Kids-Crafts,1232256279
For-the-Home,Scrapbooking,1232256282
For-the-Home,Needlework,1232256285
Shoes,Juniors-Shoes,1233870911
TVs-Electronics,Electronic-Components,1234131106
Jewelry,Loose-Diamonds-Gemstones,1234353131
Trends,Designer-Styles,1235917729
Appliances,Appliances-Bundles,1237483576
For-the-Home,Shop-Your-Perfect-Holiday-Room,1237786264
Local-Services,Salon-Services,1238524044
Gifts,Automotive,1239082582
Gifts,Outdoor-Living,1239631455
Gifts,Lawn-Garden,1239631471
Gifts,Beauty-Fragrance,1239631488
Outdoor-Living,Outdoor-Living-Bundles,1242948427
Automotive,Automotive-Bundles,1243401907
Jewelry,Holiday-Jewelry-Gifting-Ideas,1245029416
Gifts,Valentines-Day,1247984074
Trends,Colorful-Casual,1247984354
Trends,Sporty-chic,1247984355
Gifts,Mothers-Day,1248024068
Beauty,Makeup-Artist-Looks,1248681228
Shoes,Mens-Shoes,1253461860
Shoes,Womens-Shoes,1253461861
Shoes,Boys-Shoes,1253461862
Shoes,Girls-Shoes,1253461863
Shoes,Toddler-Boys-Shoes,1253461864
Shoes,Toddler-Girls-Shoes,1253461865
Shoes,Infants-Shoes,1253461866
Shoes,Shoe-Care-Accessories,1253461867
Gifts,Easter-Gifts,1255276916
Lawn-Garden,Trimmers-Edgers,1255774387
Lawn-Garden,Blowers-Vacuums,1255774388
Lawn-Garden,Chain-Saws,1255775304
Seasonal,Spring,1256769020
Trends,Easter-Dresswear,1256936100
Appliances,Range-Hoods,1261610435
Lawn-Garden,Power-Tools-Bundles,1265110696
Lawn-Garden,Lawn-Care-Bundles,1265110697
Seasonal,Summer,1265275174
Tools,Safety-Shop-Gear,1266436966
